t,pair,gap_min,pile_gap_min,gap_1_2,gap_1_3,gap_2_3
53.950,1-3,0.5891,-1.0000,0.5930,0.5891,1.1441
54.000,1-3,0.5891,-1.0000,0.5930,0.5891,1.1442
54.050,1-3,0.5891,-1.0000,0.5929,0.5891,1.1442
54.100,1-3,0.5891,-1.0000,0.5929,0.5891,1.1442
54.150,1-3,0.5891,-1.0000,0.5929,0.5891,1.1441
54.200,1-3,0.5890,-1.0000,0.5929,0.5890,1.1441
54.250,1-3,0.5890,-1.0000,0.5929,0.5890,1.1441
54.300,1-3,0.5890,-1.0000,0.5928,0.5890,1.1440
54.350,1-3,0.5889,-1.0000,0.5928,0.5889,1.1440
54.400,1-3,0.5886,-1.0000,0.5926,0.5886,1.1440
54.488,1-3,0.5886,-1.0000,0.5926,0.5886,1.1440
54.514,1-3,0.5889,-1.0000,0.5926,0.5889,1.1435
54.550,1-3,0.5889,-1.0000,0.5926,0.5889,1.1435
54.606,1-3,0.5889,-1.0000,0.5926,0.5889,1.1435
54.654,1-3,0.5889,-1.0000,0.5926,0.5889,1.1435
54.704,1-3,0.5889,-1.0000,0.5926,0.5889,1.1435
54.750,1-3,0.5885,-1.0000,0.5928,0.5885,1.1439
54.800,1-3,0.5877,-1.0000,0.5930,0.5877,1.1445
54.850,1-3,0.5871,-1.0000,0.5931,0.5871,1.1449
54.900,1-3,0.5867,-1.0000,0.5932,0.5867,1.1450
54.950,1-3,0.5865,-1.0000,0.5931,0.5865,1.1450
55.000,1-3,0.5864,-1.0000,0.5930,0.5864,1.1450
55.050,1-3,0.5865,-1.0000,0.5929,0.5865,1.1448
55.100,1-3,0.5866,-1.0000,0.5927,0.5866,1.1447
55.150,1-3,0.5868,-1.0000,0.5926,0.5868,1.1446
55.200,1-3,0.5870,-1.0000,0.5924,0.5870,1.1445
55.250,1-3,0.5873,-1.0000,0.5921,0.5873,1.1444
55.300,1-3,0.5875,-1.0000,0.5919,0.5875,1.1443
55.350,1-3,0.5878,-1.0000,0.5915,0.5878,1.1442
55.400,1-3,0.5879,-1.0000,0.5912,0.5879,1.1442
55.450,1-3,0.5880,-1.0000,0.5909,0.5880,1.1441
55.500,1-3,0.5878,-1.0000,0.5907,0.5878,1.1441
55.550,1-3,0.5870,-1.0000,0.5908,0.5870,1.1441
55.600,1-3,0.5860,-1.0000,0.5913,0.5860,1.1441
55.650,1-3,0.5850,-1.0000,0.5921,0.5850,1.1441
55.700,1-3,0.5839,-1.0000,0.5931,0.5839,1.1441
55.750,1-3,0.5828,-1.0000,0.5943,0.5828,1.1441
55.800,1-3,0.5820,-1.0000,0.5954,0.5820,1.1441
55.850,1-3,0.5817,-1.0000,0.5965,0.5817,1.1441
55.900,1-3,0.5811,-1.0000,0.5976,0.5811,1.1441
55.950,1-3,0.5798,-1.0000,0.5986,0.5798,1.1441
56.000,1-3,0.5790,-1.0000,0.5989,0.5790,1.1441
56.050,1-3,0.5788,-1.0000,0.5992,0.5788,1.1441
56.100,1-3,0.5791,-1.0000,0.5994,0.5791,1.1441
56.150,1-3,0.5798,-1.0000,0.5995,0.5798,1.1441
56.200,1-3,0.5814,-1.0000,0.5993,0.5814,1.1441
56.250,1-3,0.5839,-1.0000,0.5989,0.5839,1.1440
56.300,1-3,0.5878,-1.0000,0.5980,0.5878,1.1439
56.350,1-3,0.5894,-1.0000,0.5983,0.5894,1.1438
56.400,1-3,0.5899,-1.0000,0.5973,0.5899,1.1436
56.450,1-3,0.5891,-1.0000,0.5965,0.5891,1.1434
56.500,1-3,0.5885,-1.0000,0.5959,0.5885,1.1432
56.550,1-3,0.5879,-1.0000,0.5958,0.5879,1.1430
56.600,1-3,0.5873,-1.0000,0.5960,0.5873,1.1429
56.650,1-3,0.5868,-1.0000,0.5963,0.5868,1.1431
56.700,1-3,0.5865,-1.0000,0.5966,0.5865,1.1440
56.750,1-3,0.5858,-1.0000,0.5971,0.5858,1.1452
56.800,1-3,0.5834,-1.0000,0.5978,0.5834,1.1468
56.850,1-3,0.5805,-1.0000,0.5983,0.5805,1.1460
56.900,1-3,0.5781,-1.0000,0.5986,0.5781,1.1438
56.950,1-3,0.5759,-1.0000,0.5989,0.5759,1.1414
57.000,1-3,0.5743,-1.0000,0.5991,0.5743,1.1398
57.050,1-3,0.5733,-1.0000,0.5993,0.5733,1.1391
57.100,1-3,0.5726,-1.0000,0.5994,0.5726,1.1382
57.150,1-3,0.5733,-1.0000,0.5998,0.5733,1.1384
57.200,1-3,0.5740,-1.0000,0.6005,0.5740,1.1404
57.250,1-3,0.5742,-1.0000,0.6012,0.5742,1.1427
57.300,1-3,0.5748,-1.0000,0.6024,0.5748,1.1445
57.350,1-3,0.5753,-1.0000,0.6036,0.5753,1.1425
57.400,1-3,0.5757,-1.0000,0.6052,0.5757,1.1404
57.450,1-3,0.5760,-1.0000,0.6069,0.5760,1.1387
57.500,1-3,0.5762,-1.0000,0.6086,0.5762,1.1365
57.550,1-3,0.5756,-1.0000,0.6102,0.5756,1.1351
57.600,1-3,0.5735,-1.0000,0.6116,0.5735,1.1342
57.650,1-3,0.5715,-1.0000,0.6124,0.5715,1.1339
57.700,1-3,0.5702,-1.0000,0.6132,0.5702,1.1335
57.750,1-3,0.5695,-1.0000,0.6140,0.5695,1.1333
57.800,1-3,0.5694,-1.0000,0.6149,0.5694,1.1332
57.850,1-3,0.5697,-1.0000,0.6157,0.5697,1.1332
57.900,1-3,0.5707,-1.0000,0.6164,0.5707,1.1326
57.950,1-3,0.5712,-1.0000,0.6169,0.5712,1.1320
58.000,1-3,0.5702,-1.0000,0.6169,0.5702,1.1321
58.050,1-3,0.5690,-1.0000,0.6169,0.5690,1.1323
58.100,1-3,0.5683,-1.0000,0.6169,0.5683,1.1327
58.150,1-3,0.5681,-1.0000,0.6170,0.5681,1.1332
58.200,1-3,0.5682,-1.0000,0.6172,0.5682,1.1339
58.250,1-3,0.5687,-1.0000,0.6175,0.5687,1.1345
58.300,1-3,0.5692,-1.0000,0.6179,0.5692,1.1342
58.352,1-3,0.5685,-1.0000,0.6182,0.5685,1.1336
58.400,1-3,0.5673,-1.0000,0.6179,0.5673,1.1337
58.450,1-3,0.5667,-1.0000,0.6176,0.5667,1.1339
58.500,1-3,0.5665,-1.0000,0.6175,0.5665,1.1342
58.550,1-3,0.5666,-1.0000,0.6176,0.5666,1.1347
58.600,1-3,0.5671,-1.0000,0.6179,0.5671,1.1354
58.652,1-3,0.5681,-1.0000,0.6183,0.5681,1.1353
58.700,1-3,0.5688,-1.0000,0.6185,0.5688,1.1345
58.750,1-3,0.5682,-1.0000,0.6185,0.5682,1.1343
58.800,1-3,0.5669,-1.0000,0.6183,0.5669,1.1343
58.850,1-3,0.5664,-1.0000,0.6182,0.5664,1.1345
58.900,1-3,0.5662,-1.0000,0.6182,0.5662,1.1348
58.950,1-3,0.5663,-1.0000,0.6183,0.5663,1.1353
59.000,1-3,0.5667,-1.0000,0.6185,0.5667,1.1359
59.050,1-3,0.5675,-1.0000,0.6188,0.5675,1.1356
59.100,1-3,0.5673,-1.0000,0.6190,0.5673,1.1347
59.150,1-3,0.5661,-1.0000,0.6188,0.5661,1.1343
59.200,1-3,0.5654,-1.0000,0.6183,0.5654,1.1342
59.250,1-3,0.5651,-1.0000,0.6181,0.5651,1.1342
59.300,1-3,0.5651,-1.0000,0.6181,0.5651,1.1344
59.350,1-3,0.5655,-1.0000,0.6184,0.5655,1.1349
59.400,1-3,0.5662,-1.0000,0.6187,0.5662,1.1351
59.450,1-3,0.5675,-1.0000,0.6190,0.5675,1.1345
59.500,1-3,0.5679,-1.0000,0.6192,0.5679,1.1337
59.550,1-3,0.5670,-1.0000,0.6191,0.5670,1.1336
59.600,1-3,0.5660,-1.0000,0.6189,0.5660,1.1335
59.650,1-3,0.5657,-1.0000,0.6189,0.5657,1.1337
59.700,1-3,0.5657,-1.0000,0.6189,0.5657,1.1339
59.750,1-3,0.5660,-1.0000,0.6191,0.5660,1.1343
59.800,1-3,0.5666,-1.0000,0.6193,0.5666,1.1339
59.850,1-3,0.5663,-1.0000,0.6196,0.5663,1.1331
59.900,1-3,0.5651,-1.0000,0.6193,0.5651,1.1330
59.950,1-3,0.5645,-1.0000,0.6190,0.5645,1.1331
60.000,1-3,0.5643,-1.0000,0.6187,0.5643,1.1334
60.050,1-3,0.5643,-1.0000,0.6186,0.5643,1.1338
60.100,1-3,0.5648,-1.0000,0.6186,0.5648,1.1345
60.150,1-3,0.5653,-1.0000,0.6190,0.5653,1.1345
60.200,1-3,0.5649,-1.0000,0.6194,0.5649,1.1338
60.250,1-3,0.5637,-1.0000,0.6192,0.5637,1.1333
60.300,1-3,0.5630,-1.0000,0.6186,0.5630,1.1331
60.350,1-3,0.5627,-1.0000,0.6182,0.5627,1.1331
60.400,1-3,0.5627,-1.0000,0.6181,0.5627,1.1332
60.450,1-3,0.5630,-1.0000,0.6182,0.5630,1.1335
60.500,1-3,0.5637,-1.0000,0.6183,0.5637,1.1341
60.550,1-3,0.5648,-1.0000,0.6186,0.5648,1.1341
60.600,1-3,0.5650,-1.0000,0.6191,0.5650,1.1333
60.650,1-3,0.5641,-1.0000,0.6190,0.5641,1.1329
60.700,1-3,0.5636,-1.0000,0.6186,0.5636,1.1329
60.750,1-3,0.5635,-1.0000,0.6183,0.5635,1.1329
60.800,1-3,0.5636,-1.0000,0.6183,0.5636,1.1331
60.850,1-3,0.5641,-1.0000,0.6185,0.5641,1.1334
60.900,1-3,0.5649,-1.0000,0.6189,0.5649,1.1340
60.950,1-3,0.5663,-1.0000,0.6194,0.5663,1.1340
61.000,1-3,0.5675,-1.0000,0.6197,0.5675,1.1332
61.050,1-3,0.5672,-1.0000,0.6199,0.5672,1.1328
61.100,1-3,0.5664,-1.0000,0.6198,0.5664,1.1328
61.150,1-3,0.5664,-1.0000,0.6197,0.5664,1.1331
61.200,1-3,0.5668,-1.0000,0.6197,0.5668,1.1337
61.250,1-3,0.5677,-1.0000,0.6199,0.5677,1.1347
61.300,1-3,0.5691,-1.0000,0.6200,0.5691,1.1364
61.350,1-3,0.5715,-1.0000,0.6198,0.5715,1.1392
61.400,1-3,0.5746,-1.0000,0.6194,0.5746,1.1412
61.450,1-3,0.5781,-1.0000,0.6184,0.5781,1.1433
61.500,1-3,0.5813,-1.0000,0.6167,0.5813,1.1459
61.550,1-3,0.5842,-1.0000,0.6141,0.5842,1.1483
61.600,1-3,0.5869,-1.0000,0.6112,0.5869,1.1504
61.650,1-3,0.5895,-1.0000,0.6078,0.5895,1.1521
61.700,1-3,0.5917,-1.0000,0.6049,0.5917,1.1529
61.750,1-3,0.5937,-1.0000,0.6022,0.5937,1.1509
61.800,1-3,0.5957,-1.0000,0.6004,0.5957,1.1479
61.850,1-3,0.5979,-1.0000,0.5989,0.5979,1.1460
61.900,1-2,0.5982,-1.0000,0.5982,0.5999,1.1452
61.950,1-2,0.5981,-1.0000,0.5981,0.6016,1.1452
62.000,1-2,0.5986,-1.0000,0.5986,0.6033,1.1460
62.050,1-2,0.5995,-1.0000,0.5995,0.6052,1.1474
62.100,1-2,0.6008,-1.0000,0.6008,0.6072,1.1492
62.150,1-2,0.6027,-1.0000,0.6027,0.6094,1.1509
62.200,1-2,0.6043,-1.0000,0.6043,0.6106,1.1521
62.250,1-2,0.6057,-1.0000,0.6057,0.6116,1.1530
62.300,1-2,0.6067,-1.0000,0.6067,0.6123,1.1536
62.350,1-2,0.6076,-1.0000,0.6076,0.6129,1.1540
62.400,1-2,0.6081,-1.0000,0.6081,0.6135,1.1541
62.450,1-2,0.6085,-1.0000,0.6085,0.6140,1.1541
62.500,1-2,0.6088,-1.0000,0.6088,0.6143,1.1540
62.550,1-2,0.6089,-1.0000,0.6089,0.6147,1.1538
62.600,1-2,0.6090,-1.0000,0.6090,0.6150,1.1535
62.650,1-2,0.6091,-1.0000,0.6091,0.6152,1.1533
62.700,1-2,0.6091,-1.0000,0.6091,0.6154,1.1530
62.750,1-2,0.6090,-1.0000,0.6090,0.6156,1.1527
62.800,1-2,0.6090,-1.0000,0.6090,0.6157,1.1525
62.850,1-2,0.6090,-1.0000,0.6090,0.6158,1.1523
62.900,1-2,0.6090,-1.0000,0.6090,0.6159,1.1522
62.950,1-2,0.6091,-1.0000,0.6091,0.6159,1.1520
63.000,1-2,0.6091,-1.0000,0.6091,0.6159,1.1518
63.050,1-2,0.6092,-1.0000,0.6092,0.6159,1.1517
63.100,1-2,0.6092,-1.0000,0.6092,0.6159,1.1516
63.150,1-2,0.6092,-1.0000,0.6092,0.6158,1.1516
63.200,1-2,0.6093,-1.0000,0.6093,0.6158,1.1516
63.250,1-2,0.6093,-1.0000,0.6093,0.6157,1.1515
63.300,1-2,0.6094,-1.0000,0.6094,0.6156,1.1515
63.350,1-2,0.6095,-1.0000,0.6095,0.6155,1.1515
63.400,1-2,0.6095,-1.0000,0.6095,0.6154,1.1515
63.450,1-2,0.6096,-1.0000,0.6096,0.6154,1.1515
63.500,1-2,0.6097,-1.0000,0.6097,0.6153,1.1516
63.550,1-2,0.6098,-1.0000,0.6098,0.6153,1.1516
63.600,1-2,0.6099,-1.0000,0.6099,0.6153,1.1517
63.650,1-2,0.6099,-1.0000,0.6099,0.6154,1.1517
63.700,1-2,0.6099,-1.0000,0.6099,0.6154,1.1517
63.750,1-2,0.6099,-1.0000,0.6099,0.6154,1.1517
63.800,1-2,0.6099,-1.0000,0.6099,0.6154,1.1517
63.850,1-2,0.6099,-1.0000,0.6099,0.6153,1.1518
63.900,1-2,0.6099,-1.0000,0.6099,0.6153,1.1518
63.950,1-2,0.6099,-1.0000,0.6099,0.6153,1.1518
64.000,1-2,0.6099,-1.0000,0.6099,0.6153,1.1517
64.050,1-2,0.6100,-1.0000,0.6100,0.6153,1.1517
64.100,1-2,0.6099,-1.0000,0.6099,0.6153,1.1517
64.150,1-2,0.6099,-1.0000,0.6099,0.6153,1.1517
64.200,1-2,0.6100,-1.0000,0.6100,0.6153,1.1517
64.250,1-2,0.6100,-1.0000,0.6100,0.6153,1.1517
64.300,1-2,0.6100,-1.0000,0.6100,0.6153,1.1517
64.350,1-2,0.6100,-1.0000,0.6100,0.6153,1.1516
64.400,1-2,0.6100,-1.0000,0.6100,0.6153,1.1516
64.450,1-2,0.6100,-1.0000,0.6100,0.6152,1.1516
64.500,1-2,0.6101,-1.0000,0.6101,0.6152,1.1515
64.550,1-2,0.6101,-1.0000,0.6101,0.6152,1.1515
64.600,1-2,0.6101,-1.0000,0.6101,0.6151,1.1515
64.650,1-2,0.6102,-1.0000,0.6102,0.6151,1.1515
64.700,1-2,0.6102,-1.0000,0.6102,0.6150,1.1514
64.750,1-2,0.6102,-1.0000,0.6102,0.6150,1.1515
64.800,1-2,0.6103,-1.0000,0.6103,0.6150,1.1515
64.850,1-2,0.6103,-1.0000,0.6103,0.6150,1.1515
64.900,1-2,0.6103,-1.0000,0.6103,0.6150,1.1516
64.950,1-2,0.6103,-1.0000,0.6103,0.6150,1.1516
65.000,1-2,0.6104,-1.0000,0.6104,0.6150,1.1516
65.050,1-2,0.6104,-1.0000,0.6104,0.6150,1.1517
65.100,1-2,0.6104,-1.0000,0.6104,0.6150,1.1517
65.150,1-2,0.6104,-1.0000,0.6104,0.6151,1.1517
65.200,1-2,0.6104,-1.0000,0.6104,0.6151,1.1518
65.250,1-2,0.6104,-1.0000,0.6104,0.6151,1.1518
65.300,1-2,0.6104,-1.0000,0.6104,0.6151,1.1519
65.350,1-2,0.6104,-1.0000,0.6104,0.6152,1.1520
65.400,1-2,0.6103,-1.0000,0.6103,0.6152,1.1520
65.450,1-2,0.6103,-1.0000,0.6103,0.6152,1.1520
65.500,1-2,0.6103,-1.0000,0.6103,0.6152,1.1521
65.550,1-2,0.6103,-1.0000,0.6103,0.6152,1.1521
65.600,1-2,0.6103,-1.0000,0.6103,0.6151,1.1521
65.650,1-2,0.6103,-1.0000,0.6103,0.6151,1.1521
65.700,1-2,0.6102,-1.0000,0.6102,0.6149,1.1520
65.750,1-2,0.6103,-1.0000,0.6103,0.6148,1.1518
65.800,1-2,0.6108,-1.0000,0.6108,0.6148,1.1515
65.850,1-2,0.6115,-1.0000,0.6115,0.6151,1.1513
65.900,1-2,0.6125,-1.0000,0.6125,0.6155,1.1511
65.950,1-2,0.6138,-1.0000,0.6138,0.6160,1.1509
66.000,1-2,0.6150,-1.0000,0.6150,0.6163,1.1508
66.050,1-2,0.6164,-1.0000,0.6164,0.6167,1.1507
66.100,1-3,0.6170,-1.0000,0.6177,0.6170,1.1506
66.150,1-3,0.6174,-1.0000,0.6194,0.6174,1.1504
66.200,1-3,0.6178,-1.0000,0.6214,0.6178,1.1503
66.250,1-3,0.6189,-1.0000,0.6242,0.6189,1.1502
66.300,1-3,0.6216,-1.0000,0.6273,0.6216,1.1502
66.350,1-3,0.6263,-1.0000,0.6316,0.6263,1.1502
66.400,1-3,0.6324,-1.0000,0.6368,0.6324,1.1502
66.450,1-3,0.6411,-1.0000,0.6435,0.6411,1.1502
66.500,1-2,0.6507,-1.0000,0.6507,0.6514,1.1504
66.550,1-2,0.6603,-1.0000,0.6603,0.6656,1.1506
66.600,1-2,0.6704,-1.0000,0.6704,0.6803,1.1509
66.650,1-2,0.6815,-1.0000,0.6815,0.6944,1.1513
66.700,1-2,0.6912,-1.0000,0.6912,0.7068,1.1516
66.750,1-2,0.7018,-1.0000,0.7018,0.7197,1.1521
66.800,1-2,0.7122,-1.0000,0.7122,0.7319,1.1525
66.850,1-2,0.7227,-1.0000,0.7227,0.7434,1.1528
66.900,1-2,0.7350,-1.0000,0.7350,0.7557,1.1530
66.950,1-2,0.7468,-1.0000,0.7468,0.7665,1.1531
67.000,1-2,0.7588,-1.0000,0.7588,0.7763,1.1525
67.050,1-2,0.7699,-1.0000,0.7699,0.7832,1.1508
67.100,1-2,0.7820,-1.0000,0.7820,0.7887,1.1479
67.150,1-3,0.7921,-1.0000,0.7929,0.7921,1.1443
67.200,1-3,0.7942,-1.0000,0.8040,0.7942,1.1396
67.250,1-3,0.7948,-1.0000,0.8142,0.7948,1.1357
67.300,1-3,0.7943,-1.0000,0.8250,0.7943,1.1321
67.350,1-3,0.7943,-1.0000,0.8329,0.7943,1.1308
67.400,1-3,0.7954,-1.0000,0.8402,0.7954,1.1319
67.450,1-3,0.7970,-1.0000,0.8437,0.7970,1.1355
67.500,1-3,0.7989,-1.0000,0.8464,0.7989,1.1404
67.550,1-3,0.8013,-1.0000,0.8499,0.8013,1.1473
67.600,1-3,0.8039,-1.0000,0.8560,0.8039,1.1534
67.650,1-3,0.8068,-1.0000,0.8604,0.8068,1.1562
67.700,1-3,0.8098,-1.0000,0.8658,0.8098,1.1564
67.750,1-3,0.8121,-1.0000,0.8677,0.8121,1.1572
67.800,1-3,0.8140,-1.0000,0.8709,0.8140,1.1577
67.850,1-3,0.8153,-1.0000,0.8707,0.8153,1.1578
67.900,1-3,0.8162,-1.0000,0.8731,0.8162,1.1585
67.950,1-3,0.8167,-1.0000,0.8741,0.8167,1.1588
68.000,1-3,0.8166,-1.0000,0.8788,0.8166,1.1590
68.050,1-3,0.8161,-1.0000,0.8802,0.8161,1.1580
68.100,1-3,0.8159,-1.0000,0.8833,0.8159,1.1564
68.150,1-3,0.8162,-1.0000,0.8836,0.8162,1.1559
68.200,1-3,0.8167,-1.0000,0.8838,0.8167,1.1565
68.250,1-3,0.8174,-1.0000,0.8851,0.8174,1.1588
68.300,1-3,0.8182,-1.0000,0.8882,0.8182,1.1595
68.350,1-3,0.8194,-1.0000,0.8918,0.8194,1.1595
68.400,1-3,0.8218,-1.0000,0.8952,0.8218,1.1593
68.450,1-3,0.8223,-1.0000,0.8953,0.8223,1.1596
68.500,1-3,0.8231,-1.0000,0.8971,0.8231,1.1600
68.550,1-3,0.8234,-1.0000,0.8950,0.8234,1.1601
68.600,1-3,0.8233,-1.0000,0.8943,0.8233,1.1609
68.650,1-3,0.8231,-1.0000,0.8949,0.8231,1.1610
68.700,1-3,0.8214,-1.0000,0.8972,0.8214,1.1613
68.750,1-3,0.8211,-1.0000,0.8983,0.8211,1.1596
68.800,1-3,0.8202,-1.0000,0.8985,0.8202,1.1576
68.850,1-3,0.8198,-1.0000,0.8980,0.8198,1.1567
68.900,1-3,0.8197,-1.0000,0.8969,0.8197,1.1569
68.950,1-3,0.8197,-1.0000,0.8969,0.8197,1.1589
69.000,1-3,0.8197,-1.0000,0.8988,0.8197,1.1613
69.050,1-3,0.8204,-1.0000,0.9016,0.8204,1.1614
69.100,1-3,0.8215,-1.0000,0.9035,0.8215,1.1615
69.150,1-3,0.8222,-1.0000,0.9043,0.8222,1.1622
69.200,1-3,0.8226,-1.0000,0.9040,0.8226,1.1628
69.250,1-3,0.8227,-1.0000,0.9018,0.8227,1.1632
69.300,1-3,0.8227,-1.0000,0.9012,0.8227,1.1641
69.350,1-3,0.8227,-1.0000,0.9012,0.8227,1.1644
69.400,1-3,0.8222,-1.0000,0.9024,0.8222,1.1636
69.450,1-3,0.8214,-1.0000,0.9030,0.8214,1.1610
69.500,1-3,0.8208,-1.0000,0.9029,0.8208,1.1592
69.550,1-3,0.8205,-1.0000,0.9019,0.8205,1.1583
69.600,1-3,0.8204,-1.0000,0.9004,0.8204,1.1585
69.650,1-3,0.8204,-1.0000,0.9008,0.8204,1.1606
69.700,1-3,0.8205,-1.0000,0.9009,0.8205,1.1633
69.750,1-3,0.8210,-1.0000,0.9048,0.8210,1.1645
69.800,1-3,0.8219,-1.0000,0.9049,0.8219,1.1644
69.850,1-3,0.8225,-1.0000,0.9068,0.8225,1.1648
69.900,1-3,0.8227,-1.0000,0.9050,0.8227,1.1654
69.950,1-3,0.8227,-1.0000,0.9050,0.8227,1.1658
70.000,1-3,0.8226,-1.0000,0.9028,0.8226,1.1664
70.050,1-3,0.8224,-1.0000,0.9028,0.8224,1.1666
70.102,1-3,0.8218,-1.0000,0.9038,0.8218,1.1653
70.150,1-3,0.8208,-1.0000,0.9042,0.8208,1.1626
70.200,1-3,0.8201,-1.0000,0.9039,0.8201,1.1604
70.250,1-3,0.8198,-1.0000,0.9030,0.8198,1.1592
70.300,1-3,0.8196,-1.0000,0.9014,0.8196,1.1588
70.350,1-3,0.8197,-1.0000,0.9012,0.8197,1.1604
70.400,1-3,0.8197,-1.0000,0.9020,0.8197,1.1629
70.450,1-3,0.8203,-1.0000,0.9060,0.8203,1.1648
70.500,1-3,0.8210,-1.0000,0.9061,0.8210,1.1647
70.550,1-3,0.8215,-1.0000,0.9073,0.8215,1.1652
70.600,1-3,0.8217,-1.0000,0.9067,0.8217,1.1658
70.650,1-3,0.8218,-1.0000,0.9051,0.8218,1.1661
70.700,1-3,0.8224,-1.0000,0.9033,0.8224,1.1668
70.750,1-3,0.8216,-1.0000,0.9031,0.8216,1.1670
70.800,1-3,0.8210,-1.0000,0.9040,0.8210,1.1640
70.850,1-3,0.8201,-1.0000,0.9044,0.8201,1.1612
70.900,1-3,0.8193,-1.0000,0.9041,0.8193,1.1589
70.950,1-3,0.8189,-1.0000,0.9031,0.8189,1.1577
71.000,1-3,0.8187,-1.0000,0.9017,0.8187,1.1573
71.050,1-3,0.8186,-1.0000,0.9013,0.8186,1.1588
71.100,1-3,0.8184,-1.0000,0.9028,0.8184,1.1609
71.150,1-3,0.8186,-1.0000,0.9052,0.8186,1.1636
71.200,1-3,0.8190,-1.0000,0.9063,0.8190,1.1639
71.250,1-3,0.8190,-1.0000,0.9066,0.8190,1.1641
71.300,1-3,0.8188,-1.0000,0.9058,0.8188,1.1645
71.350,1-3,0.8182,-1.0000,0.9031,0.8182,1.1647
71.400,1-3,0.8173,-1.0000,0.9025,0.8173,1.1653
71.450,1-3,0.8163,-1.0000,0.9010,0.8163,1.1645
71.500,1-3,0.8147,-1.0000,0.9011,0.8147,1.1613
71.550,1-3,0.8127,-1.0000,0.9005,0.8127,1.1585
71.600,1-3,0.8109,-1.0000,0.8984,0.8109,1.1563
71.650,1-3,0.8092,-1.0000,0.8969,0.8092,1.1551
71.700,1-3,0.8077,-1.0000,0.8934,0.8077,1.1550
71.750,1-3,0.8060,-1.0000,0.8929,0.8060,1.1568
71.800,1-3,0.8044,-1.0000,0.8922,0.8044,1.1592
71.850,1-3,0.8029,-1.0000,0.8927,0.8029,1.1622
71.900,1-3,0.8018,-1.0000,0.8921,0.8018,1.1636
71.950,1-3,0.8003,-1.0000,0.8902,0.8003,1.1639
72.000,1-3,0.7986,-1.0000,0.8872,0.7986,1.1642
72.050,1-3,0.7963,-1.0000,0.8825,0.7963,1.1644
72.100,1-3,0.7940,-1.0000,0.8780,0.7940,1.1650
72.150,1-3,0.7911,-1.0000,0.8743,0.7911,1.1629
72.200,1-3,0.7880,-1.0000,0.8716,0.7880,1.1601
72.250,1-3,0.7841,-1.0000,0.8685,0.7841,1.1570
72.300,1-3,0.7807,-1.0000,0.8647,0.7807,1.1551
72.350,1-3,0.7772,-1.0000,0.8599,0.7772,1.1543
72.400,1-3,0.7735,-1.0000,0.8548,0.7735,1.1545
72.450,1-3,0.7713,-1.0000,0.8503,0.7713,1.1567
72.500,1-3,0.7669,-1.0000,0.8476,0.7669,1.1593
72.550,1-3,0.7650,-1.0000,0.8454,0.7650,1.1624
72.600,1-3,0.7621,-1.0000,0.8422,0.7621,1.1653
72.650,1-3,0.7597,-1.0000,0.8383,0.7597,1.1667
72.700,1-3,0.7568,-1.0000,0.8329,0.7568,1.1670
72.750,1-3,0.7538,-1.0000,0.8270,0.7538,1.1668
72.800,1-3,0.7504,-1.0000,0.8202,0.7504,1.1644
72.850,1-3,0.7469,-1.0000,0.8148,0.7469,1.1612
72.900,1-3,0.7427,-1.0000,0.8100,0.7427,1.1576
72.950,1-3,0.7384,-1.0000,0.8056,0.7384,1.1544
73.000,1-3,0.7344,-1.0000,0.8008,0.7344,1.1522
73.050,1-3,0.7306,-1.0000,0.7955,0.7306,1.1513
73.100,1-3,0.7274,-1.0000,0.7905,0.7274,1.1516
73.150,1-3,0.7241,-1.0000,0.7862,0.7241,1.1538
73.200,1-3,0.7211,-1.0000,0.7836,0.7211,1.1566
73.250,1-3,0.7183,-1.0000,0.7812,0.7183,1.1600
73.300,1-3,0.7165,-1.0000,0.7780,0.7165,1.1628
73.350,1-3,0.7143,-1.0000,0.7737,0.7143,1.1645
73.400,1-3,0.7118,-1.0000,0.7687,0.7118,1.1647
73.450,1-3,0.7093,-1.0000,0.7631,0.7093,1.1637
73.500,1-3,0.7063,-1.0000,0.7568,0.7063,1.1609
73.550,1-3,0.7031,-1.0000,0.7516,0.7031,1.1576
73.600,1-3,0.6996,-1.0000,0.7474,0.6996,1.1542
73.650,1-3,0.6955,-1.0000,0.7434,0.6955,1.1509
73.700,1-3,0.6921,-1.0000,0.7397,0.6921,1.1491
73.750,1-3,0.6888,-1.0000,0.7355,0.6888,1.1485
73.800,1-3,0.6861,-1.0000,0.7316,0.6861,1.1492
73.850,1-3,0.6834,-1.0000,0.7284,0.6834,1.1520
73.900,1-3,0.6812,-1.0000,0.7266,0.6812,1.1550
73.950,1-3,0.6787,-1.0000,0.7241,0.6787,1.1584
74.000,1-3,0.6780,-1.0000,0.7220,0.6780,1.1611
74.050,1-3,0.6761,-1.0000,0.7186,0.6761,1.1626
74.100,1-3,0.6748,-1.0000,0.7146,0.6748,1.1626
74.152,1-3,0.6728,-1.0000,0.7101,0.6728,1.1611
74.200,1-3,0.6709,-1.0000,0.7058,0.6709,1.1580
74.250,1-3,0.6688,-1.0000,0.7026,0.6688,1.1544
74.300,1-3,0.6662,-1.0000,0.6993,0.6662,1.1506
74.350,1-3,0.6629,-1.0000,0.6963,0.6629,1.1474
74.400,1-3,0.6596,-1.0000,0.6929,0.6596,1.1455
74.450,1-3,0.6567,-1.0000,0.6895,0.6567,1.1451
74.500,1-3,0.6537,-1.0000,0.6857,0.6537,1.1462
74.550,1-3,0.6510,-1.0000,0.6826,0.6510,1.1489
74.600,1-3,0.6480,-1.0000,0.6792,0.6480,1.1521
74.650,1-3,0.6454,-1.0000,0.6759,0.6454,1.1553
74.700,1-3,0.6426,-1.0000,0.6719,0.6426,1.1579
74.750,1-3,0.6397,-1.0000,0.6674,0.6397,1.1588
74.800,1-3,0.6364,-1.0000,0.6622,0.6364,1.1582
74.850,1-3,0.6327,-1.0000,0.6565,0.6327,1.1563
74.900,1-3,0.6279,-1.0000,0.6500,0.6279,1.1526
74.950,1-3,0.6229,-1.0000,0.6445,0.6229,1.1490
75.000,1-3,0.6170,-1.0000,0.6391,0.6170,1.1453
75.050,1-3,0.6121,-1.0000,0.6345,0.6121,1.1425
75.100,1-3,0.6075,-1.0000,0.6300,0.6075,1.1408
75.150,1-3,0.6038,-1.0000,0.6253,0.6038,1.1403
75.200,1-3,0.6001,-1.0000,0.6212,0.6001,1.1407
75.250,1-3,0.5968,-1.0000,0.6174,0.5968,1.1421
75.300,1-3,0.5931,-1.0000,0.6143,0.5931,1.1435
75.350,1-3,0.5894,-1.0000,0.6112,0.5894,1.1448
75.400,1-3,0.5855,-1.0000,0.6083,0.5855,1.1457
75.450,1-3,0.5834,-1.0000,0.6056,0.5834,1.1465
75.500,1-3,0.5822,-1.0000,0.6034,0.5822,1.1470
75.550,1-3,0.5820,-1.0000,0.6016,0.5820,1.1472
75.600,1-3,0.5830,-1.0000,0.6002,0.5830,1.1474
75.650,1-3,0.5850,-1.0000,0.5994,0.5850,1.1473
75.700,1-3,0.5886,-1.0000,0.5990,0.5886,1.1472
75.750,1-3,0.5925,-1.0000,0.5996,0.5925,1.1471
75.800,1-3,0.5956,-1.0000,0.6009,0.5956,1.1470
75.850,1-3,0.5982,-1.0000,0.6021,0.5982,1.1468
75.900,1-3,0.6010,-1.0000,0.6036,0.6010,1.1466
75.950,1-3,0.6035,-1.0000,0.6052,0.6035,1.1464
76.000,1-3,0.6063,-1.0000,0.6072,0.6063,1.1462
76.052,1-3,0.6090,-1.0000,0.6097,0.6090,1.1460
76.100,1-3,0.6116,-1.0000,0.6119,0.6116,1.1460
76.150,1-2,0.6136,-1.0000,0.6136,0.6139,1.1459
76.200,1-2,0.6150,-1.0000,0.6150,0.6158,1.1458
76.250,1-2,0.6163,-1.0000,0.6163,0.6174,1.1457
76.300,1-2,0.6175,-1.0000,0.6175,0.6187,1.1457
76.350,1-2,0.6186,-1.0000,0.6186,0.6198,1.1456
76.400,1-2,0.6198,-1.0000,0.6198,0.6208,1.1456
76.450,1-2,0.6207,-1.0000,0.6207,0.6217,1.1456
76.500,1-2,0.6217,-1.0000,0.6217,0.6226,1.1457
76.550,1-2,0.6225,-1.0000,0.6225,0.6233,1.1457
76.600,1-2,0.6234,-1.0000,0.6234,0.6240,1.1457
76.650,1-2,0.6241,-1.0000,0.6241,0.6246,1.1458
76.700,1-2,0.6248,-1.0000,0.6248,0.6251,1.1458
76.750,1-2,0.6254,-1.0000,0.6254,0.6256,1.1459
76.800,1-2,0.6259,-1.0000,0.6259,0.6260,1.1460
76.850,1-2,0.6264,-1.0000,0.6264,0.6265,1.1462
76.900,1-2,0.6268,-1.0000,0.6268,0.6269,1.1463
76.950,1-2,0.6271,-1.0000,0.6271,0.6272,1.1464
77.000,1-2,0.6274,-1.0000,0.6274,0.6275,1.1465
77.050,1-3,0.6277,-1.0000,0.6277,0.6277,1.1466
77.100,1-3,0.6279,-1.0000,0.6279,0.6279,1.1466
77.152,1-3,0.6281,-1.0000,0.6281,0.6281,1.1467
77.200,1-3,0.6282,-1.0000,0.6283,0.6282,1.1467
77.250,1-3,0.6283,-1.0000,0.6284,0.6283,1.1468
77.300,1-3,0.6284,-1.0000,0.6285,0.6284,1.1468
77.350,1-3,0.6285,-1.0000,0.6285,0.6285,1.1468
77.400,1-2,0.6285,-1.0000,0.6285,0.6285,1.1467
77.450,1-3,0.6285,-1.0000,0.6286,0.6285,1.1466
77.500,1-3,0.6283,-1.0000,0.6286,0.6283,1.1465
77.550,1-3,0.6280,-1.0000,0.6287,0.6280,1.1465
77.600,1-3,0.6279,-1.0000,0.6288,0.6279,1.1465
77.650,1-3,0.6278,-1.0000,0.6289,0.6278,1.1465
77.700,1-3,0.6278,-1.0000,0.6289,0.6278,1.1465
77.750,1-3,0.6278,-1.0000,0.6290,0.6278,1.1464
77.800,1-3,0.6278,-1.0000,0.6291,0.6278,1.1464
77.850,1-3,0.6278,-1.0000,0.6291,0.6278,1.1464
77.900,1-3,0.6279,-1.0000,0.6291,0.6279,1.1464
77.950,1-3,0.6280,-1.0000,0.6292,0.6280,1.1464
78.000,1-3,0.6281,-1.0000,0.6292,0.6281,1.1464
78.050,1-3,0.6281,-1.0000,0.6292,0.6281,1.1464
78.100,1-3,0.6281,-1.0000,0.6292,0.6281,1.1464
78.150,1-3,0.6282,-1.0000,0.6293,0.6282,1.1463
78.200,1-3,0.6283,-1.0000,0.6293,0.6283,1.1464
78.250,1-3,0.6283,-1.0000,0.6293,0.6283,1.1464
78.300,1-3,0.6284,-1.0000,0.6293,0.6284,1.1463
78.350,1-3,0.6285,-1.0000,0.6293,0.6285,1.1464
78.400,1-3,0.6285,-1.0000,0.6293,0.6285,1.1463
78.450,1-3,0.6285,-1.0000,0.6293,0.6285,1.1463
78.500,1-3,0.6286,-1.0000,0.6294,0.6286,1.1464
78.550,1-3,0.6287,-1.0000,0.6293,0.6287,1.1464
78.600,1-3,0.6287,-1.0000,0.6293,0.6287,1.1465
78.650,1-3,0.6288,-1.0000,0.6294,0.6288,1.1465
78.700,1-3,0.6288,-1.0000,0.6294,0.6288,1.1465
78.750,1-3,0.6289,-1.0000,0.6294,0.6289,1.1465
78.800,1-3,0.6289,-1.0000,0.6294,0.6289,1.1465
78.850,1-3,0.6289,-1.0000,0.6295,0.6289,1.1465
78.900,1-3,0.6289,-1.0000,0.6296,0.6289,1.1465
78.950,1-3,0.6290,-1.0000,0.6297,0.6290,1.1465
79.000,1-3,0.6290,-1.0000,0.6297,0.6290,1.1465
79.050,1-3,0.6290,-1.0000,0.6298,0.6290,1.1465
79.100,1-3,0.6290,-1.0000,0.6299,0.6290,1.1465
79.150,1-3,0.6290,-1.0000,0.6300,0.6290,1.1466
79.200,1-3,0.6290,-1.0000,0.6300,0.6290,1.1466
79.250,1-3,0.6289,-1.0000,0.6300,0.6289,1.1466
79.300,1-3,0.6288,-1.0000,0.6300,0.6288,1.1465
79.350,1-3,0.6288,-1.0000,0.6300,0.6288,1.1465
79.400,1-3,0.6287,-1.0000,0.6299,0.6287,1.1465
79.450,1-3,0.6286,-1.0000,0.6299,0.6286,1.1464
79.500,1-3,0.6285,-1.0000,0.6298,0.6285,1.1464
79.550,1-3,0.6285,-1.0000,0.6298,0.6285,1.1464
79.600,1-3,0.6284,-1.0000,0.6298,0.6284,1.1463
79.650,1-3,0.6284,-1.0000,0.6298,0.6284,1.1464
79.700,1-3,0.6283,-1.0000,0.6299,0.6283,1.1464
79.750,1-3,0.6283,-1.0000,0.6299,0.6283,1.1464
79.800,1-3,0.6282,-1.0000,0.6300,0.6282,1.1464
79.850,1-3,0.6282,-1.0000,0.6300,0.6282,1.1464
79.900,1-3,0.6282,-1.0000,0.6301,0.6282,1.1464
79.950,1-3,0.6281,-1.0000,0.6300,0.6281,1.1465
80.000,1-3,0.6280,-1.0000,0.6287,0.6280,1.1443
80.050,1-2,0.6247,-1.0000,0.6247,0.6279,1.1365
80.100,1-2,0.6201,-1.0000,0.6201,0.6278,1.1268
80.150,1-2,0.6153,-1.0000,0.6153,0.6278,1.1159
80.200,1-2,0.6116,-1.0000,0.6116,0.6278,1.1063
80.250,1-2,0.6106,-1.0000,0.6106,0.6278,1.1020
80.300,1-2,0.6115,-1.0000,0.6115,0.6278,1.1008
80.350,1-2,0.6128,-1.0000,0.6128,0.6278,1.1015
80.400,1-2,0.6145,-1.0000,0.6145,0.6278,1.1037
80.450,1-2,0.6163,-1.0000,0.6163,0.6278,1.1068
80.500,1-2,0.6183,-1.0000,0.6183,0.6279,1.1109
80.550,1-2,0.6200,-1.0000,0.6200,0.6279,1.1152
80.600,1-2,0.6215,-1.0000,0.6215,0.6279,1.1201
80.650,1-2,0.6225,-1.0000,0.6225,0.6279,1.1247
80.700,1-2,0.6236,-1.0000,0.6236,0.6279,1.1296
80.750,1-2,0.6245,-1.0000,0.6245,0.6280,1.1330
80.800,1-2,0.6254,-1.0000,0.6254,0.6280,1.1357
80.850,1-2,0.6259,-1.0000,0.6259,0.6280,1.1375
80.900,1-2,0.6262,-1.0000,0.6262,0.6280,1.1386
80.950,1-2,0.6262,-1.0000,0.6262,0.6282,1.1381
81.000,1-2,0.6227,-1.0000,0.6227,0.6303,1.1301
81.050,1-2,0.6170,-1.0000,0.6170,0.6345,1.1144
81.100,1-2,0.6103,-1.0000,0.6103,0.6398,1.0936
81.150,1-2,0.6034,-1.0000,0.6034,0.6455,1.0672
81.200,1-2,0.5963,-1.0000,0.5963,0.6528,1.0385
81.250,1-2,0.5909,-1.0000,0.5909,0.6618,1.0080
81.300,1-2,0.5867,-1.0000,0.5867,0.6731,0.9776
81.350,1-2,0.5842,-1.0000,0.5842,0.6859,0.9494
81.400,1-2,0.5829,-1.0000,0.5829,0.7026,0.9199
81.450,1-2,0.5825,-1.0000,0.5825,0.7200,0.8941
81.500,1-2,0.5826,-1.0000,0.5826,0.7411,0.8695
81.550,1-2,0.5808,-1.0000,0.5808,0.7643,0.8501
81.600,1-2,0.5765,-1.0000,0.5765,0.7866,0.8360
81.650,1-2,0.5684,-1.0000,0.5684,0.8085,0.8241
81.700,1-2,0.5578,-1.0000,0.5578,0.8262,0.8146
81.750,1-2,0.5455,-1.0000,0.5455,0.8424,0.8044
81.800,1-2,0.5376,-1.0000,0.5376,0.8585,0.7955
81.850,1-2,0.5340,-1.0000,0.5340,0.8765,0.7860
81.900,1-2,0.5360,-1.0000,0.5360,0.8946,0.7786
81.950,1-2,0.5429,-1.0000,0.5429,0.9187,0.7727
82.000,1-2,0.5514,-1.0000,0.5514,0.9433,0.7609
82.050,1-2,0.5602,-1.0000,0.5602,0.9724,0.7390
82.100,1-2,0.5680,-1.0000,0.5680,1.0016,0.7128
82.150,1-2,0.5770,-1.0000,0.5770,1.0351,0.6828
82.200,1-2,0.5898,-1.0000,0.5898,1.0659,0.6548
82.250,1-2,0.6089,-1.0000,0.6089,1.0973,0.6264
82.300,2-3,0.6014,-1.0000,0.6344,1.1262,0.6014
82.350,2-3,0.5778,-1.0000,0.6678,1.1539,0.5778
82.400,2-3,0.5579,-1.0000,0.7039,1.1537,0.5579
82.450,2-3,0.5398,-1.0000,0.7446,1.1248,0.5398
82.500,2-3,0.5223,-1.0000,0.7908,1.0884,0.5223
82.550,2-3,0.5107,-1.0000,0.8290,1.0494,0.5107
82.600,2-3,0.5036,-1.0000,0.8634,1.0024,0.5036
82.650,2-3,0.5014,-1.0000,0.8918,0.9589,0.5014
82.700,2-3,0.5032,-1.0000,0.9172,0.9138,0.5032
82.750,2-3,0.5081,-1.0000,0.9358,0.8746,0.5081
82.800,2-3,0.5161,-1.0000,0.9511,0.8378,0.5161
82.850,2-3,0.5280,-1.0000,0.9615,0.8028,0.5280
82.900,2-3,0.5414,-1.0000,0.9668,0.7704,0.5414
82.950,2-3,0.5563,-1.0000,0.9691,0.7393,0.5563
83.000,2-3,0.5726,-1.0000,0.9683,0.7116,0.5726
83.050,2-3,0.5879,-1.0000,0.9685,0.6901,0.5879
83.100,2-3,0.6042,-1.0000,0.9746,0.6713,0.6042
83.150,2-3,0.6188,-1.0000,0.9811,0.6556,0.6188
83.200,2-3,0.6342,-1.0000,0.9966,0.6439,0.6342
83.250,1-3,0.6311,-1.0000,1.0078,0.6311,0.6462
83.300,1-3,0.6199,-1.0000,1.0249,0.6199,0.6464
83.350,1-3,0.6090,-1.0000,1.0386,0.6090,0.6430
83.400,1-3,0.6016,-1.0000,1.0497,0.6016,0.6432
83.450,1-3,0.5936,-1.0000,1.0574,0.5936,0.6438
83.500,1-3,0.5898,-1.0000,1.0610,0.5898,0.6478
83.550,1-3,0.5838,-1.0000,1.0604,0.5838,0.6538
83.600,1-3,0.5786,-1.0000,1.0581,0.5786,0.6629
83.650,1-3,0.5722,-1.0000,1.0519,0.5722,0.6739
83.700,1-3,0.5678,-1.0000,1.0450,0.5678,0.6851
83.750,1-3,0.5643,-1.0000,1.0355,0.5643,0.6979
83.800,1-3,0.5622,-1.0000,1.0254,0.5622,0.7097
83.850,1-3,0.5608,-1.0000,1.0138,0.5608,0.7221
83.900,1-3,0.5599,-1.0000,1.0002,0.5599,0.7333
83.950,1-3,0.5567,-1.0000,0.9838,0.5567,0.7442
84.000,1-3,0.5525,-1.0000,0.9682,0.5525,0.7543
84.050,1-3,0.5489,-1.0000,0.9540,0.5489,0.7633
84.100,1-3,0.5465,-1.0000,0.9423,0.5465,0.7714
84.150,1-3,0.5450,-1.0000,0.9328,0.5450,0.7783
84.200,1-3,0.5447,-1.0000,0.9258,0.5447,0.7842
84.250,1-3,0.5445,-1.0000,0.9210,0.5445,0.7897
84.300,1-3,0.5428,-1.0000,0.9176,0.5428,0.7953
84.350,1-3,0.5396,-1.0000,0.9156,0.5396,0.8008
84.400,1-3,0.5374,-1.0000,0.9151,0.5374,0.8053
84.450,1-3,0.5361,-1.0000,0.9154,0.5361,0.8098
84.500,1-3,0.5358,-1.0000,0.9166,0.5358,0.8136
84.550,1-3,0.5363,-1.0000,0.9189,0.5363,0.8171
84.600,1-3,0.5368,-1.0000,0.9200,0.5368,0.8200
84.650,1-3,0.5352,-1.0000,0.9203,0.5352,0.8222
84.700,1-3,0.5325,-1.0000,0.9199,0.5325,0.8238
84.750,1-3,0.5307,-1.0000,0.9196,0.5307,0.8249
84.800,1-3,0.5297,-1.0000,0.9202,0.5297,0.8253
84.850,1-3,0.5296,-1.0000,0.9215,0.5296,0.8253
84.900,1-3,0.5304,-1.0000,0.9237,0.5304,0.8247
84.950,1-3,0.5313,-1.0000,0.9272,0.5313,0.8240
85.000,1-3,0.5304,-1.0000,0.9311,0.5304,0.8242
85.050,1-3,0.5285,-1.0000,0.9349,0.5285,0.8245
85.100,1-3,0.5274,-1.0000,0.9396,0.5274,0.8251
85.150,1-3,0.5275,-1.0000,0.9445,0.5275,0.8257
85.200,1-3,0.5289,-1.0000,0.9492,0.5289,0.8264
85.250,1-3,0.5315,-1.0000,0.9546,0.5315,0.8274
85.300,1-3,0.5340,-1.0000,0.9582,0.5340,0.8284
85.350,1-3,0.5345,-1.0000,0.9611,0.5345,0.8287
85.400,1-3,0.5336,-1.0000,0.9629,0.5336,0.8283
85.450,1-3,0.5343,-1.0000,0.9644,0.5343,0.8277
85.500,1-3,0.5334,-1.0000,0.9657,0.5334,0.8269
85.550,1-3,0.5366,-1.0000,0.9683,0.5366,0.8257
85.600,1-3,0.5374,-1.0000,0.9708,0.5374,0.8244
85.650,1-3,0.5417,-1.0000,0.9752,0.5417,0.8229
85.700,1-3,0.5409,-1.0000,0.9794,0.5409,0.8221
85.750,1-3,0.5413,-1.0000,0.9845,0.5413,0.8214
85.800,1-3,0.5412,-1.0000,0.9901,0.5412,0.8212
85.850,1-3,0.5422,-1.0000,0.9954,0.5422,0.8210
85.900,1-3,0.5441,-1.0000,1.0016,0.5441,0.8208
85.950,1-3,0.5468,-1.0000,1.0071,0.5468,0.8207
86.000,1-3,0.5497,-1.0000,1.0118,0.5497,0.8209
86.050,1-3,0.5502,-1.0000,1.0151,0.5502,0.8204
86.100,1-3,0.5492,-1.0000,1.0178,0.5492,0.8192
86.150,1-3,0.5487,-1.0000,1.0198,0.5487,0.8173
86.200,1-3,0.5491,-1.0000,1.0222,0.5491,0.8152
86.250,1-3,0.5506,-1.0000,1.0251,0.5506,0.8127
86.300,1-3,0.5528,-1.0000,1.0280,0.5528,0.8104
86.350,1-3,0.5556,-1.0000,1.0328,0.5556,0.8074
86.400,1-3,0.5569,-1.0000,1.0383,0.5569,0.8049
86.450,1-3,0.5570,-1.0000,1.0440,0.5570,0.8030
86.500,1-3,0.5582,-1.0000,1.0503,0.5582,0.8016
86.550,1-3,0.5600,-1.0000,1.0558,0.5600,0.8004
86.600,1-3,0.5629,-1.0000,1.0616,0.5629,0.7992
86.650,1-3,0.5664,-1.0000,1.0670,0.5664,0.7982
86.700,1-3,0.5700,-1.0000,1.0713,0.5700,0.7972
86.750,1-3,0.5709,-1.0000,1.0744,0.5709,0.7955
86.800,1-3,0.5705,-1.0000,1.0771,0.5705,0.7930
86.850,1-3,0.5708,-1.0000,1.0793,0.5708,0.7900
86.900,1-3,0.5722,-1.0000,1.0818,0.5722,0.7866
86.950,1-3,0.5745,-1.0000,1.0844,0.5745,0.7829
87.000,1-3,0.5789,-1.0000,1.0876,0.5789,0.7787
87.050,1-3,0.5813,-1.0000,1.0920,0.5813,0.7744
87.100,1-3,0.5854,-1.0000,1.0977,0.5854,0.7697
87.150,1-3,0.5852,-1.0000,1.1036,0.5852,0.7656
87.200,1-3,0.5877,-1.0000,1.1100,0.5877,0.7615
87.250,1-3,0.5902,-1.0000,1.1166,0.5902,0.7573
87.300,1-3,0.5929,-1.0000,1.1226,0.5929,0.7533
87.350,1-3,0.5963,-1.0000,1.1288,0.5963,0.7489
87.400,1-3,0.5991,-1.0000,1.1329,0.5991,0.7455
87.450,1-3,0.5996,-1.0000,1.1356,0.5996,0.7421
87.500,1-3,0.5988,-1.0000,1.1369,0.5988,0.7394
87.550,1-3,0.5986,-1.0000,1.1382,0.5986,0.7368
87.600,1-3,0.5993,-1.0000,1.1393,0.5993,0.7345
87.650,1-3,0.6008,-1.0000,1.1392,0.6008,0.7325
87.700,1-3,0.6030,-1.0000,1.1393,0.6030,0.7310
87.750,1-3,0.6054,-1.0000,1.1397,0.6054,0.7294
87.800,1-3,0.6062,-1.0000,1.1403,0.6062,0.7278
87.850,1-3,0.6060,-1.0000,1.1418,0.6060,0.7260
87.900,1-3,0.6065,-1.0000,1.1440,0.6065,0.7245
87.950,1-3,0.6074,-1.0000,1.1456,0.6074,0.7235
88.000,1-3,0.6089,-1.0000,1.1471,0.6089,0.7225
88.050,1-3,0.6106,-1.0000,1.1472,0.6106,0.7215
88.100,1-3,0.6120,-1.0000,1.1472,0.6120,0.7205
88.150,1-3,0.6123,-1.0000,1.1470,0.6123,0.7202
88.200,1-3,0.6093,-1.0000,1.1463,0.6093,0.7202
88.250,1-3,0.6091,-1.0000,1.1458,0.6091,0.7201
88.300,1-3,0.6074,-1.0000,1.1455,0.6074,0.7200
88.350,1-3,0.6088,-1.0000,1.1452,0.6088,0.7199
88.400,1-3,0.6089,-1.0000,1.1452,0.6089,0.7202
88.450,1-3,0.6113,-1.0000,1.1455,0.6113,0.7203
88.500,1-3,0.6109,-1.0000,1.1463,0.6109,0.7199
88.550,1-3,0.6103,-1.0000,1.1470,0.6103,0.7197
88.600,1-3,0.6101,-1.0000,1.1469,0.6101,0.7195
88.650,1-3,0.6103,-1.0000,1.1470,0.6103,0.7194
88.700,1-3,0.6107,-1.0000,1.1470,0.6107,0.7192
88.750,1-3,0.6114,-1.0000,1.1468,0.6114,0.7189
88.800,1-3,0.6123,-1.0000,1.1463,0.6123,0.7190
88.850,1-3,0.6105,-1.0000,1.1452,0.6105,0.7200
88.900,1-3,0.6094,-1.0000,1.1444,0.6094,0.7209
88.950,1-3,0.6073,-1.0000,1.1444,0.6073,0.7215
89.000,1-3,0.6064,-1.0000,1.1442,0.6064,0.7220
89.050,1-3,0.6063,-1.0000,1.1439,0.6063,0.7227
89.100,1-3,0.6066,-1.0000,1.1439,0.6066,0.7237
89.150,1-3,0.6082,-1.0000,1.1440,0.6082,0.7244
89.200,1-3,0.6075,-1.0000,1.1447,0.6075,0.7242
89.250,1-3,0.6081,-1.0000,1.1452,0.6081,0.7245
89.300,1-3,0.6078,-1.0000,1.1447,0.6078,0.7251
89.350,1-3,0.6092,-1.0000,1.1445,0.6092,0.7260
89.400,1-3,0.6095,-1.0000,1.1445,0.6095,0.7269
89.450,1-3,0.6112,-1.0000,1.1445,0.6112,0.7276
89.500,1-3,0.6113,-1.0000,1.1443,0.6113,0.7290
89.550,1-3,0.6116,-1.0000,1.1438,0.6116,0.7312
89.600,1-3,0.6102,-1.0000,1.1435,0.6102,0.7327
89.650,1-3,0.6093,-1.0000,1.1442,0.6093,0.7341
89.700,1-3,0.6092,-1.0000,1.1448,0.6092,0.7352
89.750,1-3,0.6100,-1.0000,1.1450,0.6100,0.7363
